| Rang | Page                                           | PageRank       |
|------|------------------------------------------------|----------------|
| 1    | Category:Living_people                         | 10639.44781233 |
| 2    | United_States                                  | 5079.88310492  |
| 3    | World_War_II                                   | 3315.22890177  |
| 4    | List_of_sovereign_states                       | 2822.99144755  |
| 5    | France                                         | 2818.20466109  |
| 6    | Association_football                           | 2639.55722044  |
| 7    | Race_and_ethnicity_in_the_United_States_census | 2444.31190782  |
| 8    | United_Kingdom                                 | 2329.88270141  |
| 9    | India                                          | 2251.22780011  |
| 10   | Germany                                        | 2129.09155427  |
